email,password,userid
etud-ig3-2@yopmail.com,plageCT,6
etud-ig3-2@yopmail.com,plageCT,7
etud-ig3-3@yopmail.com,plageCT,8
etud-ig3-4@yopmail.com,plageCT,9
etud-ig3-5@yopmail.com,plageCT,10
etud-ig3-6@yopmail.com,plageCT,11
etud-ig3-7@yopmail.com,plageCT,12
etud-ig3-8@yopmail.com,plageCT,13
etud-ig3-9@yopmail.com,plageCT,14
etud-ig3-10@yopmail.com,plageCT,15
etud-ig3-11@yopmail.com,plageCT,16
etud-ig3-12@yopmail.com,plageCT,17
etud-ig3-13@yopmail.com,plageCT,18
etud-ig3-14@yopmail.com,plageCT,19
etud-ig3-15@yopmail.com,plageCT,20
etud-ig3-16@yopmail.com,plageCT,21
etud-ig3-17@yopmail.com,plageCT,22
etud-ig3-18@yopmail.com,plageCT,23
etud-ig3-19@yopmail.com,plageCT,24
etud-ig3-20@yopmail.com,plageCT,25
etud-ig3-21@yopmail.com,plageCT,26
etud-ig3-22@yopmail.com,plageCT,27
etud-ig3-23@yopmail.com,plageCT,28
etud-ig3-24@yopmail.com,plageCT,29
etud-ig3-25@yopmail.com,plageCT,30
etud-ig3-26@yopmail.com,plageCT,31
etud-ig3-27@yopmail.com,plageCT,32
etud-ig3-28@yopmail.com,plageCT,33
etud-ig3-29@yopmail.com,plageCT,34
etud-ig3-30@yopmail.com,plageCT,35
etud-ig3-31@yopmail.com,plageCT,36
etud-ig3-32@yopmail.com,plageCT,37
etud-ig3-33@yopmail.com,plageCT,38
etud-ig3-34@yopmail.com,plageCT,39
etud-ig3-35@yopmail.com,plageCT,40
etud-ig3-36@yopmail.com,plageCT,41
etud-ig3-37@yopmail.com,plageCT,42
etud-ig3-38@yopmail.com,plageCT,43
etud-ig3-39@yopmail.com,plageCT,44
etud-ig3-40@yopmail.com,plageCT,45
etud-ig3-41@yopmail.com,plageCT,46
etud-ig3-42@yopmail.com,plageCT,47
etud-ig3-43@yopmail.com,plageCT,48
etud-ig3-44@yopmail.com,plageCT,49
etud-ig3-45@yopmail.com,plageCT,50
etud-ig3-46@yopmail.com,plageCT,51
etud-ig3-47@yopmail.com,plageCT,52
etud-ig3-48@yopmail.com,plageCT,53
etud-ig3-49@yopmail.com,plageCT,54
etud-ig3-50@yopmail.com,plageCT,55
etud-ig3-51@yopmail.com,plageCT,56
etud-ig3-52@yopmail.com,plageCT,57
etud-ig3-53@yopmail.com,plageCT,58
etud-ig3-54@yopmail.com,plageCT,59
etud-ig3-55@yopmail.com,plageCT,60
etud-ig3-56@yopmail.com,plageCT,61
etud-ig3-57@yopmail.com,plageCT,62
etud-ig3-58@yopmail.com,plageCT,63
etud-ig3-59@yopmail.com,plageCT,64
etud-ig3-60@yopmail.com,plageCT,65
etud-ig3-61@yopmail.com,plageCT,66
etud-ig3-62@yopmail.com,plageCT,67
etud-ig3-63@yopmail.com,plageCT,68
etud-ig3-64@yopmail.com,plageCT,69
etud-ig3-65@yopmail.com,plageCT,70
etud-ig3-66@yopmail.com,plageCT,71
etud-ig3-67@yopmail.com,plageCT,72
etud-ig3-68@yopmail.com,plageCT,73
etud-ig3-69@yopmail.com,plageCT,74
etud-ig3-70@yopmail.com,plageCT,75
etud-ig3-71@yopmail.com,plageCT,76
etud-ig3-72@yopmail.com,plageCT,77
etud-ig3-73@yopmail.com,plageCT,78
etud-ig3-74@yopmail.com,plageCT,79
etud-ig3-75@yopmail.com,plageCT,80
etud-ig3-76@yopmail.com,plageCT,81
etud-ig3-77@yopmail.com,plageCT,82
etud-ig3-78@yopmail.com,plageCT,83
etud-ig3-79@yopmail.com,plageCT,84
etud-ig3-80@yopmail.com,plageCT,85
etud-ig3-81@yopmail.com,plageCT,86
etud-ig3-82@yopmail.com,plageCT,87
etud-ig3-83@yopmail.com,plageCT,88
etud-ig3-84@yopmail.com,plageCT,89
etud-ig3-85@yopmail.com,plageCT,90
etud-ig3-86@yopmail.com,plageCT,91
etud-ig3-87@yopmail.com,plageCT,92
etud-ig3-88@yopmail.com,plageCT,93
etud-ig3-89@yopmail.com,plageCT,94
etud-ig3-90@yopmail.com,plageCT,95
etud-ig3-91@yopmail.com,plageCT,96
etud-ig3-92@yopmail.com,plageCT,97
etud-ig3-93@yopmail.com,plageCT,98
etud-ig3-94@yopmail.com,plageCT,99
etud-ig3-95@yopmail.com,plageCT,100
etud-ig3-96@yopmail.com,plageCT,101
etud-ig3-97@yopmail.com,plageCT,102
etud-ig3-98@yopmail.com,plageCT,103
etud-ig3-99@yopmail.com,plageCT,104
etud-ig3-100@yopmail.com,plageCT,105
etud-ig3-101@yopmail.com,plageCT,106
etud-ig3-102@yopmail.com,plageCT,107
etud-ig3-103@yopmail.com,plageCT,108
etud-ig3-104@yopmail.com,plageCT,109
etud-ig3-105@yopmail.com,plageCT,110
etud-ig3-106@yopmail.com,plageCT,111
etud-ig3-107@yopmail.com,plageCT,112
etud-ig3-108@yopmail.com,plageCT,113
etud-ig3-109@yopmail.com,plageCT,114
etud-ig3-110@yopmail.com,plageCT,115
etud-ig3-111@yopmail.com,plageCT,116
etud-ig3-112@yopmail.com,plageCT,117
etud-ig3-113@yopmail.com,plageCT,118
etud-ig3-114@yopmail.com,plageCT,119
etud-ig3-115@yopmail.com,plageCT,120
etud-ig3-116@yopmail.com,plageCT,121
etud-ig3-117@yopmail.com,plageCT,122
etud-ig3-118@yopmail.com,plageCT,123
etud-ig3-119@yopmail.com,plageCT,124
etud-ig3-120@yopmail.com,plageCT,125
etud-ig3-121@yopmail.com,plageCT,126
etud-ig3-122@yopmail.com,plageCT,127
etud-ig3-123@yopmail.com,plageCT,128
etud-ig3-124@yopmail.com,plageCT,129
etud-ig3-125@yopmail.com,plageCT,130
etud-ig3-126@yopmail.com,plageCT,131
etud-ig3-127@yopmail.com,plageCT,132
etud-ig3-128@yopmail.com,plageCT,133
etud-ig3-129@yopmail.com,plageCT,134
etud-ig3-130@yopmail.com,plageCT,135
etud-ig3-131@yopmail.com,plageCT,136
etud-ig3-132@yopmail.com,plageCT,137
etud-ig3-133@yopmail.com,plageCT,138
etud-ig3-134@yopmail.com,plageCT,139
etud-ig3-135@yopmail.com,plageCT,140
etud-ig3-136@yopmail.com,plageCT,141
etud-ig3-137@yopmail.com,plageCT,142
etud-ig3-138@yopmail.com,plageCT,143
etud-ig3-139@yopmail.com,plageCT,144
etud-ig3-140@yopmail.com,plageCT,145
etud-ig3-141@yopmail.com,plageCT,146
etud-ig3-142@yopmail.com,plageCT,147
etud-ig3-143@yopmail.com,plageCT,148
etud-ig3-144@yopmail.com,plageCT,149
etud-ig3-145@yopmail.com,plageCT,150
etud-ig3-146@yopmail.com,plageCT,151
etud-ig3-147@yopmail.com,plageCT,152
etud-ig3-148@yopmail.com,plageCT,153
etud-ig3-149@yopmail.com,plageCT,154
etud-ig3-150@yopmail.com,plageCT,155
etud-ig3-151@yopmail.com,plageCT,156
etud-ig3-152@yopmail.com,plageCT,157
etud-ig3-153@yopmail.com,plageCT,158
etud-ig3-154@yopmail.com,plageCT,159
etud-ig3-155@yopmail.com,plageCT,160
etud-ig3-156@yopmail.com,plageCT,161
etud-ig3-157@yopmail.com,plageCT,162
etud-ig3-158@yopmail.com,plageCT,163
etud-ig3-159@yopmail.com,plageCT,164
etud-ig3-160@yopmail.com,plageCT,165
etud-ig3-161@yopmail.com,plageCT,166
etud-ig3-162@yopmail.com,plageCT,167
etud-ig3-163@yopmail.com,plageCT,168
etud-ig3-164@yopmail.com,plageCT,169
etud-ig3-165@yopmail.com,plageCT,170
etud-ig3-166@yopmail.com,plageCT,171
etud-ig3-167@yopmail.com,plageCT,172
etud-ig3-168@yopmail.com,plageCT,173
etud-ig3-169@yopmail.com,plageCT,174
etud-ig3-170@yopmail.com,plageCT,175
etud-ig3-171@yopmail.com,plageCT,176
etud-ig3-172@yopmail.com,plageCT,177
etud-ig3-173@yopmail.com,plageCT,178
etud-ig3-174@yopmail.com,plageCT,179
etud-ig3-175@yopmail.com,plageCT,180
etud-ig3-176@yopmail.com,plageCT,181
etud-ig3-177@yopmail.com,plageCT,182
etud-ig3-178@yopmail.com,plageCT,183
etud-ig3-179@yopmail.com,plageCT,184
etud-ig3-180@yopmail.com,plageCT,185
etud-ig3-181@yopmail.com,plageCT,186
etud-ig3-182@yopmail.com,plageCT,187
etud-ig3-183@yopmail.com,plageCT,188
etud-ig3-184@yopmail.com,plageCT,189
etud-ig3-185@yopmail.com,plageCT,190
etud-ig3-186@yopmail.com,plageCT,191
etud-ig3-187@yopmail.com,plageCT,192
etud-ig3-188@yopmail.com,plageCT,193
etud-ig3-189@yopmail.com,plageCT,194
etud-ig3-190@yopmail.com,plageCT,195
etud-ig3-191@yopmail.com,plageCT,196
etud-ig3-192@yopmail.com,plageCT,197
etud-ig3-193@yopmail.com,plageCT,198
etud-ig3-194@yopmail.com,plageCT,199
etud-ig3-195@yopmail.com,plageCT,200
etud-ig3-196@yopmail.com,plageCT,201
etud-ig3-197@yopmail.com,plageCT,202
etud-ig3-198@yopmail.com,plageCT,203
etud-ig3-199@yopmail.com,plageCT,204
etud-ig3-200@yopmail.com,plageCT,205
etud-ig3-201@yopmail.com,plageCT,206
etud-ig3-202@yopmail.com,plageCT,207
etud-ig3-203@yopmail.com,plageCT,208
etud-ig3-204@yopmail.com,plageCT,209
etud-ig3-205@yopmail.com,plageCT,210
etud-ig3-206@yopmail.com,plageCT,211
etud-ig3-207@yopmail.com,plageCT,212
etud-ig3-208@yopmail.com,plageCT,213
etud-ig3-209@yopmail.com,plageCT,214
etud-ig3-210@yopmail.com,plageCT,215
etud-ig3-211@yopmail.com,plageCT,216
etud-ig3-212@yopmail.com,plageCT,217
etud-ig3-213@yopmail.com,plageCT,218
etud-ig3-214@yopmail.com,plageCT,219
etud-ig3-215@yopmail.com,plageCT,220
etud-ig3-216@yopmail.com,plageCT,221
etud-ig3-217@yopmail.com,plageCT,222
etud-ig3-218@yopmail.com,plageCT,223
etud-ig3-219@yopmail.com,plageCT,224
etud-ig3-220@yopmail.com,plageCT,225
etud-ig3-221@yopmail.com,plageCT,226
etud-ig3-222@yopmail.com,plageCT,227
etud-ig3-223@yopmail.com,plageCT,228
etud-ig3-224@yopmail.com,plageCT,229
etud-ig3-225@yopmail.com,plageCT,230
etud-ig3-226@yopmail.com,plageCT,231
etud-ig3-227@yopmail.com,plageCT,232
etud-ig3-228@yopmail.com,plageCT,233
etud-ig3-229@yopmail.com,plageCT,234
etud-ig3-230@yopmail.com,plageCT,235
etud-ig3-231@yopmail.com,plageCT,236
etud-ig3-232@yopmail.com,plageCT,237
etud-ig3-233@yopmail.com,plageCT,238
etud-ig3-234@yopmail.com,plageCT,239
etud-ig3-235@yopmail.com,plageCT,240
etud-ig3-236@yopmail.com,plageCT,241
etud-ig3-237@yopmail.com,plageCT,242
etud-ig3-238@yopmail.com,plageCT,243
etud-ig3-239@yopmail.com,plageCT,244
etud-ig3-240@yopmail.com,plageCT,245
etud-ig3-241@yopmail.com,plageCT,246
etud-ig3-242@yopmail.com,plageCT,247
etud-ig3-243@yopmail.com,plageCT,248
etud-ig3-244@yopmail.com,plageCT,249
etud-ig3-245@yopmail.com,plageCT,250
etud-ig3-246@yopmail.com,plageCT,251
etud-ig3-247@yopmail.com,plageCT,252
etud-ig3-248@yopmail.com,plageCT,253
etud-ig3-249@yopmail.com,plageCT,254
etud-ig3-250@yopmail.com,plageCT,255
etud-ig3-251@yopmail.com,plageCT,256
etud-ig3-252@yopmail.com,plageCT,257
etud-ig3-253@yopmail.com,plageCT,258
etud-ig3-254@yopmail.com,plageCT,259
etud-ig3-255@yopmail.com,plageCT,260
etud-ig3-256@yopmail.com,plageCT,261
etud-ig3-257@yopmail.com,plageCT,262
etud-ig3-258@yopmail.com,plageCT,263
etud-ig3-259@yopmail.com,plageCT,264
etud-ig3-260@yopmail.com,plageCT,265
etud-ig3-261@yopmail.com,plageCT,266
etud-ig3-262@yopmail.com,plageCT,267
etud-ig3-263@yopmail.com,plageCT,268
etud-ig3-264@yopmail.com,plageCT,269
etud-ig3-265@yopmail.com,plageCT,270
etud-ig3-266@yopmail.com,plageCT,271
etud-ig3-267@yopmail.com,plageCT,272
etud-ig3-268@yopmail.com,plageCT,273
etud-ig3-269@yopmail.com,plageCT,274
etud-ig3-270@yopmail.com,plageCT,275
etud-ig3-271@yopmail.com,plageCT,276
etud-ig3-272@yopmail.com,plageCT,277
etud-ig3-273@yopmail.com,plageCT,278
etud-ig3-274@yopmail.com,plageCT,279
etud-ig3-275@yopmail.com,plageCT,280
etud-ig3-276@yopmail.com,plageCT,281
etud-ig3-277@yopmail.com,plageCT,282
etud-ig3-278@yopmail.com,plageCT,283
etud-ig3-279@yopmail.com,plageCT,284
etud-ig3-280@yopmail.com,plageCT,285
etud-ig3-281@yopmail.com,plageCT,286
etud-ig3-282@yopmail.com,plageCT,287
etud-ig3-283@yopmail.com,plageCT,288
etud-ig3-284@yopmail.com,plageCT,289
etud-ig3-285@yopmail.com,plageCT,290
etud-ig3-286@yopmail.com,plageCT,291
etud-ig3-287@yopmail.com,plageCT,292
etud-ig3-288@yopmail.com,plageCT,293
etud-ig3-289@yopmail.com,plageCT,294
etud-ig3-290@yopmail.com,plageCT,295
etud-ig3-291@yopmail.com,plageCT,296
etud-ig3-292@yopmail.com,plageCT,297
etud-ig3-293@yopmail.com,plageCT,298
etud-ig3-294@yopmail.com,plageCT,299
etud-ig3-295@yopmail.com,plageCT,300
etud-ig3-296@yopmail.com,plageCT,301
etud-ig3-297@yopmail.com,plageCT,302
etud-ig3-298@yopmail.com,plageCT,303
etud-ig3-299@yopmail.com,plageCT,304
etud-ig3-300@yopmail.com,plageCT,305
etud-ig3-301@yopmail.com,plageCT,306
etud-ig3-302@yopmail.com,plageCT,307
etud-ig3-303@yopmail.com,plageCT,308
etud-ig3-304@yopmail.com,plageCT,309
etud-ig3-305@yopmail.com,plageCT,310
etud-ig3-306@yopmail.com,plageCT,311
etud-ig3-307@yopmail.com,plageCT,312
etud-ig3-308@yopmail.com,plageCT,313
etud-ig3-309@yopmail.com,plageCT,314
etud-ig3-310@yopmail.com,plageCT,315
etud-ig3-311@yopmail.com,plageCT,316
etud-ig3-312@yopmail.com,plageCT,317
etud-ig3-313@yopmail.com,plageCT,318
etud-ig3-314@yopmail.com,plageCT,319
etud-ig3-315@yopmail.com,plageCT,320
etud-ig3-316@yopmail.com,plageCT,321
etud-ig3-317@yopmail.com,plageCT,322
etud-ig3-318@yopmail.com,plageCT,323
etud-ig3-319@yopmail.com,plageCT,324
etud-ig3-320@yopmail.com,plageCT,325
etud-ig3-321@yopmail.com,plageCT,326
etud-ig3-322@yopmail.com,plageCT,327
etud-ig3-323@yopmail.com,plageCT,328
etud-ig3-324@yopmail.com,plageCT,329
etud-ig3-325@yopmail.com,plageCT,330
etud-ig3-326@yopmail.com,plageCT,331
etud-ig3-327@yopmail.com,plageCT,332
etud-ig3-328@yopmail.com,plageCT,333
etud-ig3-329@yopmail.com,plageCT,334
etud-ig3-330@yopmail.com,plageCT,335
etud-ig3-331@yopmail.com,plageCT,336
etud-ig3-332@yopmail.com,plageCT,337
etud-ig3-333@yopmail.com,plageCT,338
etud-ig3-334@yopmail.com,plageCT,339
etud-ig3-335@yopmail.com,plageCT,340
etud-ig3-336@yopmail.com,plageCT,341
etud-ig3-337@yopmail.com,plageCT,342
etud-ig3-338@yopmail.com,plageCT,343
etud-ig3-339@yopmail.com,plageCT,344
etud-ig3-340@yopmail.com,plageCT,345
etud-ig3-341@yopmail.com,plageCT,346
etud-ig3-342@yopmail.com,plageCT,347
etud-ig3-343@yopmail.com,plageCT,348
etud-ig3-344@yopmail.com,plageCT,349
etud-ig3-345@yopmail.com,plageCT,350
etud-ig3-346@yopmail.com,plageCT,351
etud-ig3-347@yopmail.com,plageCT,352
etud-ig3-348@yopmail.com,plageCT,353
etud-ig3-349@yopmail.com,plageCT,354
etud-ig3-350@yopmail.com,plageCT,355
etud-ig3-351@yopmail.com,plageCT,356
etud-ig3-352@yopmail.com,plageCT,357
etud-ig3-353@yopmail.com,plageCT,358
etud-ig3-354@yopmail.com,plageCT,359
etud-ig3-355@yopmail.com,plageCT,360
etud-ig3-356@yopmail.com,plageCT,361
etud-ig3-357@yopmail.com,plageCT,362
etud-ig3-358@yopmail.com,plageCT,363
etud-ig3-359@yopmail.com,plageCT,364
etud-ig3-360@yopmail.com,plageCT,365
etud-ig3-361@yopmail.com,plageCT,366
etud-ig3-362@yopmail.com,plageCT,367
etud-ig3-363@yopmail.com,plageCT,368
etud-ig3-364@yopmail.com,plageCT,369
etud-ig3-365@yopmail.com,plageCT,370
etud-ig3-366@yopmail.com,plageCT,371
etud-ig3-367@yopmail.com,plageCT,372
etud-ig3-368@yopmail.com,plageCT,373
etud-ig3-369@yopmail.com,plageCT,374
etud-ig3-370@yopmail.com,plageCT,375
etud-ig3-371@yopmail.com,plageCT,376
etud-ig3-372@yopmail.com,plageCT,377
etud-ig3-373@yopmail.com,plageCT,378
etud-ig3-374@yopmail.com,plageCT,379
etud-ig3-375@yopmail.com,plageCT,380
etud-ig3-376@yopmail.com,plageCT,381
etud-ig3-377@yopmail.com,plageCT,382
etud-ig3-378@yopmail.com,plageCT,383
etud-ig3-379@yopmail.com,plageCT,384
etud-ig3-380@yopmail.com,plageCT,385
etud-ig3-381@yopmail.com,plageCT,386
etud-ig3-382@yopmail.com,plageCT,387
etud-ig3-383@yopmail.com,plageCT,388
etud-ig3-384@yopmail.com,plageCT,389
etud-ig3-385@yopmail.com,plageCT,390
etud-ig3-386@yopmail.com,plageCT,391
etud-ig3-387@yopmail.com,plageCT,392
etud-ig3-388@yopmail.com,plageCT,393
etud-ig3-389@yopmail.com,plageCT,394
etud-ig3-390@yopmail.com,plageCT,395
etud-ig3-391@yopmail.com,plageCT,396
etud-ig3-392@yopmail.com,plageCT,397
etud-ig3-393@yopmail.com,plageCT,398
etud-ig3-394@yopmail.com,plageCT,399
etud-ig3-395@yopmail.com,plageCT,400
etud-ig3-396@yopmail.com,plageCT,401
etud-ig3-397@yopmail.com,plageCT,402
etud-ig3-398@yopmail.com,plageCT,403
etud-ig3-399@yopmail.com,plageCT,404
etud-ig3-400@yopmail.com,plageCT,405
etud-ig3-401@yopmail.com,plageCT,406
etud-ig3-402@yopmail.com,plageCT,407
etud-ig3-403@yopmail.com,plageCT,408
etud-ig3-404@yopmail.com,plageCT,409
etud-ig3-405@yopmail.com,plageCT,410
etud-ig3-406@yopmail.com,plageCT,411
etud-ig3-407@yopmail.com,plageCT,412
etud-ig3-408@yopmail.com,plageCT,413
etud-ig3-409@yopmail.com,plageCT,414
etud-ig3-410@yopmail.com,plageCT,415
etud-ig3-411@yopmail.com,plageCT,416
etud-ig3-412@yopmail.com,plageCT,417
etud-ig3-413@yopmail.com,plageCT,418
etud-ig3-414@yopmail.com,plageCT,419
etud-ig3-415@yopmail.com,plageCT,420
etud-ig3-416@yopmail.com,plageCT,421
etud-ig3-417@yopmail.com,plageCT,422
etud-ig3-418@yopmail.com,plageCT,423
etud-ig3-419@yopmail.com,plageCT,424
etud-ig3-420@yopmail.com,plageCT,425
etud-ig3-421@yopmail.com,plageCT,426
etud-ig3-422@yopmail.com,plageCT,427
etud-ig3-423@yopmail.com,plageCT,428
etud-ig3-424@yopmail.com,plageCT,429
etud-ig3-425@yopmail.com,plageCT,430
etud-ig3-426@yopmail.com,plageCT,431
etud-ig3-427@yopmail.com,plageCT,432
etud-ig3-428@yopmail.com,plageCT,433
etud-ig3-429@yopmail.com,plageCT,434
etud-ig3-430@yopmail.com,plageCT,435
etud-ig3-431@yopmail.com,plageCT,436
etud-ig3-432@yopmail.com,plageCT,437
etud-ig3-433@yopmail.com,plageCT,438
etud-ig3-434@yopmail.com,plageCT,439
etud-ig3-435@yopmail.com,plageCT,440
etud-ig3-436@yopmail.com,plageCT,441
etud-ig3-437@yopmail.com,plageCT,442
etud-ig3-438@yopmail.com,plageCT,443
etud-ig3-439@yopmail.com,plageCT,444
etud-ig3-440@yopmail.com,plageCT,445
etud-ig3-441@yopmail.com,plageCT,446
etud-ig3-442@yopmail.com,plageCT,447
etud-ig3-443@yopmail.com,plageCT,448
etud-ig3-444@yopmail.com,plageCT,449
etud-ig3-445@yopmail.com,plageCT,450
etud-ig3-446@yopmail.com,plageCT,451
etud-ig3-447@yopmail.com,plageCT,452
etud-ig3-448@yopmail.com,plageCT,453
etud-ig3-449@yopmail.com,plageCT,454
etud-ig3-450@yopmail.com,plageCT,455
etud-ig3-451@yopmail.com,plageCT,456
etud-ig3-452@yopmail.com,plageCT,457
etud-ig3-453@yopmail.com,plageCT,458
etud-ig3-454@yopmail.com,plageCT,459
etud-ig3-455@yopmail.com,plageCT,460
etud-ig3-456@yopmail.com,plageCT,461
etud-ig3-457@yopmail.com,plageCT,462
etud-ig3-458@yopmail.com,plageCT,463
etud-ig3-459@yopmail.com,plageCT,464
etud-ig3-460@yopmail.com,plageCT,465
etud-ig3-461@yopmail.com,plageCT,466
etud-ig3-462@yopmail.com,plageCT,467
etud-ig3-463@yopmail.com,plageCT,468
etud-ig3-464@yopmail.com,plageCT,469
etud-ig3-465@yopmail.com,plageCT,470
etud-ig3-466@yopmail.com,plageCT,471
etud-ig3-467@yopmail.com,plageCT,472
etud-ig3-468@yopmail.com,plageCT,473
etud-ig3-469@yopmail.com,plageCT,474
etud-ig3-470@yopmail.com,plageCT,475
etud-ig3-471@yopmail.com,plageCT,476
etud-ig3-472@yopmail.com,plageCT,477
etud-ig3-473@yopmail.com,plageCT,478
etud-ig3-474@yopmail.com,plageCT,479
etud-ig3-475@yopmail.com,plageCT,480
etud-ig3-476@yopmail.com,plageCT,481
etud-ig3-477@yopmail.com,plageCT,482
etud-ig3-478@yopmail.com,plageCT,483
etud-ig3-479@yopmail.com,plageCT,484
etud-ig3-480@yopmail.com,plageCT,485
etud-ig3-481@yopmail.com,plageCT,486
etud-ig3-482@yopmail.com,plageCT,487
etud-ig3-483@yopmail.com,plageCT,488
etud-ig3-484@yopmail.com,plageCT,489
etud-ig3-485@yopmail.com,plageCT,490
etud-ig3-486@yopmail.com,plageCT,491
etud-ig3-487@yopmail.com,plageCT,492
etud-ig3-488@yopmail.com,plageCT,493
etud-ig3-489@yopmail.com,plageCT,494
etud-ig3-490@yopmail.com,plageCT,495
etud-ig3-491@yopmail.com,plageCT,496
etud-ig3-492@yopmail.com,plageCT,497
etud-ig3-493@yopmail.com,plageCT,498
etud-ig3-494@yopmail.com,plageCT,499
etud-ig3-495@yopmail.com,plageCT,500
etud-ig3-496@yopmail.com,plageCT,501
etud-ig3-497@yopmail.com,plageCT,502
etud-ig3-498@yopmail.com,plageCT,503
etud-ig3-499@yopmail.com,plageCT,504
etud-ig3-500@yopmail.com,plageCT,505
etud-ig3-501@yopmail.com,plageCT,506
etud-ig3-502@yopmail.com,plageCT,507
etud-ig3-503@yopmail.com,plageCT,508
etud-ig3-504@yopmail.com,plageCT,509
etud-ig3-505@yopmail.com,plageCT,510
etud-ig3-506@yopmail.com,plageCT,511
etud-ig3-507@yopmail.com,plageCT,512
etud-ig3-508@yopmail.com,plageCT,513
etud-ig3-509@yopmail.com,plageCT,514
etud-ig3-510@yopmail.com,plageCT,515
etud-ig3-511@yopmail.com,plageCT,516
etud-ig3-512@yopmail.com,plageCT,517
etud-ig3-513@yopmail.com,plageCT,518
etud-ig3-514@yopmail.com,plageCT,519
etud-ig3-515@yopmail.com,plageCT,520
etud-ig3-516@yopmail.com,plageCT,521
etud-ig3-517@yopmail.com,plageCT,522
etud-ig3-518@yopmail.com,plageCT,523
etud-ig3-519@yopmail.com,plageCT,524
etud-ig3-520@yopmail.com,plageCT,525
etud-ig3-521@yopmail.com,plageCT,526
etud-ig3-522@yopmail.com,plageCT,527
etud-ig3-523@yopmail.com,plageCT,528
etud-ig3-524@yopmail.com,plageCT,529
etud-ig3-525@yopmail.com,plageCT,530
etud-ig3-526@yopmail.com,plageCT,531
etud-ig3-527@yopmail.com,plageCT,532
etud-ig3-528@yopmail.com,plageCT,533
etud-ig3-529@yopmail.com,plageCT,534
etud-ig3-530@yopmail.com,plageCT,535
etud-ig3-531@yopmail.com,plageCT,536
etud-ig3-532@yopmail.com,plageCT,537
etud-ig3-533@yopmail.com,plageCT,538
etud-ig3-534@yopmail.com,plageCT,539
etud-ig3-535@yopmail.com,plageCT,540
etud-ig3-536@yopmail.com,plageCT,541
etud-ig3-537@yopmail.com,plageCT,542
etud-ig3-538@yopmail.com,plageCT,543
etud-ig3-539@yopmail.com,plageCT,544
etud-ig3-540@yopmail.com,plageCT,545
etud-ig3-541@yopmail.com,plageCT,546
etud-ig3-542@yopmail.com,plageCT,547
etud-ig3-543@yopmail.com,plageCT,548
etud-ig3-544@yopmail.com,plageCT,549
etud-ig3-545@yopmail.com,plageCT,550
etud-ig3-546@yopmail.com,plageCT,551
etud-ig3-547@yopmail.com,plageCT,552
etud-ig3-548@yopmail.com,plageCT,553
etud-ig3-549@yopmail.com,plageCT,554
etud-ig3-550@yopmail.com,plageCT,555
etud-ig3-551@yopmail.com,plageCT,556
etud-ig3-552@yopmail.com,plageCT,557
etud-ig3-553@yopmail.com,plageCT,558
etud-ig3-554@yopmail.com,plageCT,559
etud-ig3-555@yopmail.com,plageCT,560
etud-ig3-556@yopmail.com,plageCT,561
etud-ig3-557@yopmail.com,plageCT,562
etud-ig3-558@yopmail.com,plageCT,563
etud-ig3-559@yopmail.com,plageCT,564
etud-ig3-560@yopmail.com,plageCT,565
etud-ig3-561@yopmail.com,plageCT,566
etud-ig3-562@yopmail.com,plageCT,567
etud-ig3-563@yopmail.com,plageCT,568
etud-ig3-564@yopmail.com,plageCT,569
etud-ig3-565@yopmail.com,plageCT,570
etud-ig3-566@yopmail.com,plageCT,571
etud-ig3-567@yopmail.com,plageCT,572
etud-ig3-568@yopmail.com,plageCT,573
etud-ig3-569@yopmail.com,plageCT,574
etud-ig3-570@yopmail.com,plageCT,575
etud-ig3-571@yopmail.com,plageCT,576
etud-ig3-572@yopmail.com,plageCT,577
etud-ig3-573@yopmail.com,plageCT,578
etud-ig3-574@yopmail.com,plageCT,579
etud-ig3-575@yopmail.com,plageCT,580
etud-ig3-576@yopmail.com,plageCT,581
etud-ig3-577@yopmail.com,plageCT,582
etud-ig3-578@yopmail.com,plageCT,583
etud-ig3-579@yopmail.com,plageCT,584
etud-ig3-580@yopmail.com,plageCT,585
etud-ig3-581@yopmail.com,plageCT,586
etud-ig3-582@yopmail.com,plageCT,587
etud-ig3-583@yopmail.com,plageCT,588
etud-ig3-584@yopmail.com,plageCT,589
etud-ig3-585@yopmail.com,plageCT,590
etud-ig3-586@yopmail.com,plageCT,591
etud-ig3-587@yopmail.com,plageCT,592
etud-ig3-588@yopmail.com,plageCT,593
etud-ig3-589@yopmail.com,plageCT,594
etud-ig3-590@yopmail.com,plageCT,595
etud-ig3-591@yopmail.com,plageCT,596
etud-ig3-592@yopmail.com,plageCT,597
etud-ig3-593@yopmail.com,plageCT,598
etud-ig3-594@yopmail.com,plageCT,599
etud-ig3-595@yopmail.com,plageCT,600
etud-ig3-596@yopmail.com,plageCT,601
etud-ig3-597@yopmail.com,plageCT,602
etud-ig3-598@yopmail.com,plageCT,603
etud-ig3-599@yopmail.com,plageCT,604
etud-ig3-600@yopmail.com,plageCT,605
etud-ig3-601@yopmail.com,plageCT,606
etud-ig3-602@yopmail.com,plageCT,607
etud-ig3-603@yopmail.com,plageCT,608
etud-ig3-604@yopmail.com,plageCT,609
etud-ig3-605@yopmail.com,plageCT,610
etud-ig3-606@yopmail.com,plageCT,611
etud-ig3-607@yopmail.com,plageCT,612
etud-ig3-608@yopmail.com,plageCT,613
etud-ig3-609@yopmail.com,plageCT,614
etud-ig3-610@yopmail.com,plageCT,615
etud-ig3-611@yopmail.com,plageCT,616
etud-ig3-612@yopmail.com,plageCT,617
etud-ig3-613@yopmail.com,plageCT,618
etud-ig3-614@yopmail.com,plageCT,619
etud-ig3-615@yopmail.com,plageCT,620
etud-ig3-616@yopmail.com,plageCT,621
etud-ig3-617@yopmail.com,plageCT,622
etud-ig3-618@yopmail.com,plageCT,623
etud-ig3-619@yopmail.com,plageCT,624
etud-ig3-620@yopmail.com,plageCT,625
etud-ig3-621@yopmail.com,plageCT,626
etud-ig3-622@yopmail.com,plageCT,627
etud-ig3-623@yopmail.com,plageCT,628
etud-ig3-624@yopmail.com,plageCT,629
etud-ig3-625@yopmail.com,plageCT,630
etud-ig3-626@yopmail.com,plageCT,631
etud-ig3-627@yopmail.com,plageCT,632
etud-ig3-628@yopmail.com,plageCT,633
etud-ig3-629@yopmail.com,plageCT,634
etud-ig3-630@yopmail.com,plageCT,635
etud-ig3-631@yopmail.com,plageCT,636
etud-ig3-632@yopmail.com,plageCT,637
etud-ig3-633@yopmail.com,plageCT,638
etud-ig3-634@yopmail.com,plageCT,639
etud-ig3-635@yopmail.com,plageCT,640
etud-ig3-636@yopmail.com,plageCT,641
etud-ig3-637@yopmail.com,plageCT,642
etud-ig3-638@yopmail.com,plageCT,643
etud-ig3-639@yopmail.com,plageCT,644
etud-ig3-640@yopmail.com,plageCT,645
etud-ig3-641@yopmail.com,plageCT,646
etud-ig3-642@yopmail.com,plageCT,647
etud-ig3-643@yopmail.com,plageCT,648
etud-ig3-644@yopmail.com,plageCT,649
etud-ig3-645@yopmail.com,plageCT,650
etud-ig3-646@yopmail.com,plageCT,651
etud-ig3-647@yopmail.com,plageCT,652
etud-ig3-648@yopmail.com,plageCT,653
etud-ig3-649@yopmail.com,plageCT,654
etud-ig3-650@yopmail.com,plageCT,655
etud-ig3-651@yopmail.com,plageCT,656
etud-ig3-652@yopmail.com,plageCT,657
etud-ig3-653@yopmail.com,plageCT,658
etud-ig3-654@yopmail.com,plageCT,659
etud-ig3-655@yopmail.com,plageCT,660
etud-ig3-656@yopmail.com,plageCT,661
etud-ig3-657@yopmail.com,plageCT,662
etud-ig3-658@yopmail.com,plageCT,663
etud-ig3-659@yopmail.com,plageCT,664
etud-ig3-660@yopmail.com,plageCT,665
etud-ig3-661@yopmail.com,plageCT,666
etud-ig3-662@yopmail.com,plageCT,667
etud-ig3-663@yopmail.com,plageCT,668
etud-ig3-664@yopmail.com,plageCT,669
etud-ig3-665@yopmail.com,plageCT,670
etud-ig3-666@yopmail.com,plageCT,671
etud-ig3-667@yopmail.com,plageCT,672
etud-ig3-668@yopmail.com,plageCT,673
etud-ig3-669@yopmail.com,plageCT,674
etud-ig3-670@yopmail.com,plageCT,675
etud-ig3-671@yopmail.com,plageCT,676
etud-ig3-672@yopmail.com,plageCT,677
etud-ig3-673@yopmail.com,plageCT,678
etud-ig3-674@yopmail.com,plageCT,679
etud-ig3-675@yopmail.com,plageCT,680
etud-ig3-676@yopmail.com,plageCT,681
etud-ig3-677@yopmail.com,plageCT,682
etud-ig3-678@yopmail.com,plageCT,683
etud-ig3-679@yopmail.com,plageCT,684
etud-ig3-680@yopmail.com,plageCT,685
etud-ig3-681@yopmail.com,plageCT,686
etud-ig3-682@yopmail.com,plageCT,687
etud-ig3-683@yopmail.com,plageCT,688
etud-ig3-684@yopmail.com,plageCT,689
etud-ig3-685@yopmail.com,plageCT,690
etud-ig3-686@yopmail.com,plageCT,691
etud-ig3-687@yopmail.com,plageCT,692
etud-ig3-688@yopmail.com,plageCT,693
etud-ig3-689@yopmail.com,plageCT,694
etud-ig3-690@yopmail.com,plageCT,695
etud-ig3-691@yopmail.com,plageCT,696
etud-ig3-692@yopmail.com,plageCT,697
etud-ig3-693@yopmail.com,plageCT,698
etud-ig3-694@yopmail.com,plageCT,699
etud-ig3-695@yopmail.com,plageCT,700
etud-ig3-696@yopmail.com,plageCT,701
etud-ig3-697@yopmail.com,plageCT,702
etud-ig3-698@yopmail.com,plageCT,703
etud-ig3-699@yopmail.com,plageCT,704
etud-ig3-700@yopmail.com,plageCT,705
etud-ig3-701@yopmail.com,plageCT,706
etud-ig3-702@yopmail.com,plageCT,707
etud-ig3-703@yopmail.com,plageCT,708
etud-ig3-704@yopmail.com,plageCT,709
etud-ig3-705@yopmail.com,plageCT,710
etud-ig3-706@yopmail.com,plageCT,711
etud-ig3-707@yopmail.com,plageCT,712
etud-ig3-708@yopmail.com,plageCT,713
etud-ig3-709@yopmail.com,plageCT,714
etud-ig3-710@yopmail.com,plageCT,715
etud-ig3-711@yopmail.com,plageCT,716
etud-ig3-712@yopmail.com,plageCT,717
etud-ig3-713@yopmail.com,plageCT,718
etud-ig3-714@yopmail.com,plageCT,719
etud-ig3-715@yopmail.com,plageCT,720
etud-ig3-716@yopmail.com,plageCT,721
etud-ig3-717@yopmail.com,plageCT,722
etud-ig3-718@yopmail.com,plageCT,723
etud-ig3-719@yopmail.com,plageCT,724
etud-ig3-720@yopmail.com,plageCT,725
etud-ig3-721@yopmail.com,plageCT,726
etud-ig3-722@yopmail.com,plageCT,727
etud-ig3-723@yopmail.com,plageCT,728
etud-ig3-724@yopmail.com,plageCT,729
etud-ig3-725@yopmail.com,plageCT,730
etud-ig3-726@yopmail.com,plageCT,731
etud-ig3-727@yopmail.com,plageCT,732
etud-ig3-728@yopmail.com,plageCT,733
etud-ig3-729@yopmail.com,plageCT,734
etud-ig3-730@yopmail.com,plageCT,735
etud-ig3-731@yopmail.com,plageCT,736
etud-ig3-732@yopmail.com,plageCT,737
etud-ig3-733@yopmail.com,plageCT,738
etud-ig3-734@yopmail.com,plageCT,739
etud-ig3-735@yopmail.com,plageCT,740
etud-ig3-736@yopmail.com,plageCT,741
etud-ig3-737@yopmail.com,plageCT,742
etud-ig3-738@yopmail.com,plageCT,743
etud-ig3-739@yopmail.com,plageCT,744
etud-ig3-740@yopmail.com,plageCT,745
etud-ig3-741@yopmail.com,plageCT,746
etud-ig3-742@yopmail.com,plageCT,747
etud-ig3-743@yopmail.com,plageCT,748
etud-ig3-744@yopmail.com,plageCT,749
etud-ig3-745@yopmail.com,plageCT,750
etud-ig3-746@yopmail.com,plageCT,751
etud-ig3-747@yopmail.com,plageCT,752
etud-ig3-748@yopmail.com,plageCT,753
etud-ig3-749@yopmail.com,plageCT,754
etud-ig3-750@yopmail.com,plageCT,755
etud-ig3-751@yopmail.com,plageCT,756
etud-ig3-752@yopmail.com,plageCT,757
etud-ig3-753@yopmail.com,plageCT,758
etud-ig3-754@yopmail.com,plageCT,759
etud-ig3-755@yopmail.com,plageCT,760
etud-ig3-756@yopmail.com,plageCT,761
etud-ig3-757@yopmail.com,plageCT,762
etud-ig3-758@yopmail.com,plageCT,763
etud-ig3-759@yopmail.com,plageCT,764
etud-ig3-760@yopmail.com,plageCT,765
etud-ig3-761@yopmail.com,plageCT,766
etud-ig3-762@yopmail.com,plageCT,767
etud-ig3-763@yopmail.com,plageCT,768
etud-ig3-764@yopmail.com,plageCT,769
etud-ig3-765@yopmail.com,plageCT,770
etud-ig3-766@yopmail.com,plageCT,771
etud-ig3-767@yopmail.com,plageCT,772
etud-ig3-768@yopmail.com,plageCT,773
etud-ig3-769@yopmail.com,plageCT,774
etud-ig3-770@yopmail.com,plageCT,775
etud-ig3-771@yopmail.com,plageCT,776
etud-ig3-772@yopmail.com,plageCT,777
etud-ig3-773@yopmail.com,plageCT,778
etud-ig3-774@yopmail.com,plageCT,779
etud-ig3-775@yopmail.com,plageCT,780
etud-ig3-776@yopmail.com,plageCT,781
etud-ig3-777@yopmail.com,plageCT,782
etud-ig3-778@yopmail.com,plageCT,783
etud-ig3-779@yopmail.com,plageCT,784
etud-ig3-780@yopmail.com,plageCT,785
etud-ig3-781@yopmail.com,plageCT,786
etud-ig3-782@yopmail.com,plageCT,787
etud-ig3-783@yopmail.com,plageCT,788
etud-ig3-784@yopmail.com,plageCT,789
etud-ig3-785@yopmail.com,plageCT,790
etud-ig3-786@yopmail.com,plageCT,791
etud-ig3-787@yopmail.com,plageCT,792
etud-ig3-788@yopmail.com,plageCT,793
etud-ig3-789@yopmail.com,plageCT,794
etud-ig3-790@yopmail.com,plageCT,795
etud-ig3-791@yopmail.com,plageCT,796
etud-ig3-792@yopmail.com,plageCT,797
etud-ig3-793@yopmail.com,plageCT,798
etud-ig3-794@yopmail.com,plageCT,799
etud-ig3-795@yopmail.com,plageCT,800
etud-ig3-796@yopmail.com,plageCT,801
etud-ig3-797@yopmail.com,plageCT,802
etud-ig3-798@yopmail.com,plageCT,803
etud-ig3-799@yopmail.com,plageCT,804
etud-ig3-800@yopmail.com,plageCT,805
etud-ig3-801@yopmail.com,plageCT,806
etud-ig3-802@yopmail.com,plageCT,807
etud-ig3-803@yopmail.com,plageCT,808
etud-ig3-804@yopmail.com,plageCT,809
etud-ig3-805@yopmail.com,plageCT,810
etud-ig3-806@yopmail.com,plageCT,811
etud-ig3-807@yopmail.com,plageCT,812
etud-ig3-808@yopmail.com,plageCT,813
etud-ig3-809@yopmail.com,plageCT,814
etud-ig3-810@yopmail.com,plageCT,815
etud-ig3-811@yopmail.com,plageCT,816
etud-ig3-812@yopmail.com,plageCT,817
etud-ig3-813@yopmail.com,plageCT,818
etud-ig3-814@yopmail.com,plageCT,819
etud-ig3-815@yopmail.com,plageCT,820
etud-ig3-816@yopmail.com,plageCT,821
etud-ig3-817@yopmail.com,plageCT,822
etud-ig3-818@yopmail.com,plageCT,823
etud-ig3-819@yopmail.com,plageCT,824
etud-ig3-820@yopmail.com,plageCT,825
etud-ig3-821@yopmail.com,plageCT,826
etud-ig3-822@yopmail.com,plageCT,827
etud-ig3-823@yopmail.com,plageCT,828
etud-ig3-824@yopmail.com,plageCT,829
etud-ig3-825@yopmail.com,plageCT,830
etud-ig3-826@yopmail.com,plageCT,831
etud-ig3-827@yopmail.com,plageCT,832
etud-ig3-828@yopmail.com,plageCT,833
etud-ig3-829@yopmail.com,plageCT,834
etud-ig3-830@yopmail.com,plageCT,835
etud-ig3-831@yopmail.com,plageCT,836
etud-ig3-832@yopmail.com,plageCT,837
etud-ig3-833@yopmail.com,plageCT,838
etud-ig3-834@yopmail.com,plageCT,839
etud-ig3-835@yopmail.com,plageCT,840
etud-ig3-836@yopmail.com,plageCT,841
etud-ig3-837@yopmail.com,plageCT,842
etud-ig3-838@yopmail.com,plageCT,843
etud-ig3-839@yopmail.com,plageCT,844
etud-ig3-840@yopmail.com,plageCT,845
etud-ig3-841@yopmail.com,plageCT,846
etud-ig3-842@yopmail.com,plageCT,847
etud-ig3-843@yopmail.com,plageCT,848
etud-ig3-844@yopmail.com,plageCT,849
etud-ig3-845@yopmail.com,plageCT,850
etud-ig3-846@yopmail.com,plageCT,851
etud-ig3-847@yopmail.com,plageCT,852
etud-ig3-848@yopmail.com,plageCT,853
etud-ig3-849@yopmail.com,plageCT,854
etud-ig3-850@yopmail.com,plageCT,855
etud-ig3-851@yopmail.com,plageCT,856
etud-ig3-852@yopmail.com,plageCT,857
etud-ig3-853@yopmail.com,plageCT,858
etud-ig3-854@yopmail.com,plageCT,859
etud-ig3-855@yopmail.com,plageCT,860
etud-ig3-856@yopmail.com,plageCT,861
etud-ig3-857@yopmail.com,plageCT,862
etud-ig3-858@yopmail.com,plageCT,863
etud-ig3-859@yopmail.com,plageCT,864
etud-ig3-860@yopmail.com,plageCT,865
etud-ig3-861@yopmail.com,plageCT,866
etud-ig3-862@yopmail.com,plageCT,867
etud-ig3-863@yopmail.com,plageCT,868
etud-ig3-864@yopmail.com,plageCT,869
etud-ig3-865@yopmail.com,plageCT,870
etud-ig3-866@yopmail.com,plageCT,871
etud-ig3-867@yopmail.com,plageCT,872
etud-ig3-868@yopmail.com,plageCT,873
etud-ig3-869@yopmail.com,plageCT,874
etud-ig3-870@yopmail.com,plageCT,875
etud-ig3-871@yopmail.com,plageCT,876
etud-ig3-872@yopmail.com,plageCT,877
etud-ig3-873@yopmail.com,plageCT,878
etud-ig3-874@yopmail.com,plageCT,879
etud-ig3-875@yopmail.com,plageCT,880
etud-ig3-876@yopmail.com,plageCT,881
etud-ig3-877@yopmail.com,plageCT,882
etud-ig3-878@yopmail.com,plageCT,883
etud-ig3-879@yopmail.com,plageCT,884
etud-ig3-880@yopmail.com,plageCT,885
etud-ig3-881@yopmail.com,plageCT,886
etud-ig3-882@yopmail.com,plageCT,887
etud-ig3-883@yopmail.com,plageCT,888
etud-ig3-884@yopmail.com,plageCT,889
etud-ig3-885@yopmail.com,plageCT,890
etud-ig3-886@yopmail.com,plageCT,891
etud-ig3-887@yopmail.com,plageCT,892
etud-ig3-888@yopmail.com,plageCT,893
etud-ig3-889@yopmail.com,plageCT,894
etud-ig3-890@yopmail.com,plageCT,895
etud-ig3-891@yopmail.com,plageCT,896
etud-ig3-892@yopmail.com,plageCT,897
etud-ig3-893@yopmail.com,plageCT,898
etud-ig3-894@yopmail.com,plageCT,899
etud-ig3-895@yopmail.com,plageCT,900
etud-ig3-896@yopmail.com,plageCT,901
etud-ig3-897@yopmail.com,plageCT,902
etud-ig3-898@yopmail.com,plageCT,903
etud-ig3-899@yopmail.com,plageCT,904
etud-ig3-900@yopmail.com,plageCT,905
etud-ig3-901@yopmail.com,plageCT,906
etud-ig3-902@yopmail.com,plageCT,907
etud-ig3-903@yopmail.com,plageCT,908
etud-ig3-904@yopmail.com,plageCT,909
etud-ig3-905@yopmail.com,plageCT,910
etud-ig3-906@yopmail.com,plageCT,911
etud-ig3-907@yopmail.com,plageCT,912
etud-ig3-908@yopmail.com,plageCT,913
etud-ig3-909@yopmail.com,plageCT,914
etud-ig3-910@yopmail.com,plageCT,915
etud-ig3-911@yopmail.com,plageCT,916
etud-ig3-912@yopmail.com,plageCT,917
etud-ig3-913@yopmail.com,plageCT,918
etud-ig3-914@yopmail.com,plageCT,919
etud-ig3-915@yopmail.com,plageCT,920
etud-ig3-916@yopmail.com,plageCT,921
etud-ig3-917@yopmail.com,plageCT,922
etud-ig3-918@yopmail.com,plageCT,923
etud-ig3-919@yopmail.com,plageCT,924
etud-ig3-920@yopmail.com,plageCT,925
etud-ig3-921@yopmail.com,plageCT,926
etud-ig3-922@yopmail.com,plageCT,927
etud-ig3-923@yopmail.com,plageCT,928
etud-ig3-924@yopmail.com,plageCT,929
etud-ig3-925@yopmail.com,plageCT,930
etud-ig3-926@yopmail.com,plageCT,931
etud-ig3-927@yopmail.com,plageCT,932
etud-ig3-928@yopmail.com,plageCT,933
etud-ig3-929@yopmail.com,plageCT,934
etud-ig3-930@yopmail.com,plageCT,935
etud-ig3-931@yopmail.com,plageCT,936
etud-ig3-932@yopmail.com,plageCT,937
etud-ig3-933@yopmail.com,plageCT,938
etud-ig3-934@yopmail.com,plageCT,939
etud-ig3-935@yopmail.com,plageCT,940
etud-ig3-936@yopmail.com,plageCT,941
etud-ig3-937@yopmail.com,plageCT,942
etud-ig3-938@yopmail.com,plageCT,943
etud-ig3-939@yopmail.com,plageCT,944
etud-ig3-940@yopmail.com,plageCT,945
etud-ig3-941@yopmail.com,plageCT,946
etud-ig3-942@yopmail.com,plageCT,947
etud-ig3-943@yopmail.com,plageCT,948
etud-ig3-944@yopmail.com,plageCT,949
etud-ig3-945@yopmail.com,plageCT,950
etud-ig3-946@yopmail.com,plageCT,951
etud-ig3-947@yopmail.com,plageCT,952
etud-ig3-948@yopmail.com,plageCT,953
etud-ig3-949@yopmail.com,plageCT,954
etud-ig3-950@yopmail.com,plageCT,955
etud-ig3-951@yopmail.com,plageCT,956
etud-ig3-952@yopmail.com,plageCT,957
etud-ig3-953@yopmail.com,plageCT,958
etud-ig3-954@yopmail.com,plageCT,959
etud-ig3-955@yopmail.com,plageCT,960
etud-ig3-956@yopmail.com,plageCT,961
etud-ig3-957@yopmail.com,plageCT,962
etud-ig3-958@yopmail.com,plageCT,963
etud-ig3-959@yopmail.com,plageCT,964
etud-ig3-960@yopmail.com,plageCT,965
etud-ig3-961@yopmail.com,plageCT,966
etud-ig3-962@yopmail.com,plageCT,967
etud-ig3-963@yopmail.com,plageCT,968
etud-ig3-964@yopmail.com,plageCT,969
etud-ig3-965@yopmail.com,plageCT,970
etud-ig3-966@yopmail.com,plageCT,971
etud-ig3-967@yopmail.com,plageCT,972
etud-ig3-968@yopmail.com,plageCT,973
etud-ig3-969@yopmail.com,plageCT,974
etud-ig3-970@yopmail.com,plageCT,975
etud-ig3-971@yopmail.com,plageCT,976
etud-ig3-972@yopmail.com,plageCT,977
etud-ig3-973@yopmail.com,plageCT,978
etud-ig3-974@yopmail.com,plageCT,979
etud-ig3-975@yopmail.com,plageCT,980
etud-ig3-976@yopmail.com,plageCT,981
etud-ig3-977@yopmail.com,plageCT,982
etud-ig3-978@yopmail.com,plageCT,983
etud-ig3-979@yopmail.com,plageCT,984
etud-ig3-980@yopmail.com,plageCT,985
etud-ig3-981@yopmail.com,plageCT,986
etud-ig3-982@yopmail.com,plageCT,987
etud-ig3-983@yopmail.com,plageCT,988
etud-ig3-984@yopmail.com,plageCT,989
etud-ig3-985@yopmail.com,plageCT,990
etud-ig3-986@yopmail.com,plageCT,991
etud-ig3-987@yopmail.com,plageCT,992
etud-ig3-988@yopmail.com,plageCT,993
etud-ig3-989@yopmail.com,plageCT,994
etud-ig3-990@yopmail.com,plageCT,995
etud-ig3-991@yopmail.com,plageCT,996
etud-ig3-992@yopmail.com,plageCT,997
etud-ig3-993@yopmail.com,plageCT,998
etud-ig3-994@yopmail.com,plageCT,999
etud-ig3-995@yopmail.com,plageCT,1000
etud-ig3-996@yopmail.com,plageCT,1001
etud-ig3-997@yopmail.com,plageCT,1002
etud-ig3-998@yopmail.com,plageCT,1003
etud-ig3-999@yopmail.com,plageCT,1004
etud-ig3-1000@yopmail.com,plageCT,1005
etud-ig3-1001@yopmail.com,plageCT,1006
etud-ig3-1002@yopmail.com,plageCT,1007
etud-ig3-1003@yopmail.com,plageCT,1008
etud-ig3-1004@yopmail.com,plageCT,1009
etud-ig3-1005@yopmail.com,plageCT,1010
etud-ig3-1006@yopmail.com,plageCT,1011
etud-ig3-1007@yopmail.com,plageCT,1012
etud-ig3-1008@yopmail.com,plageCT,1013
etud-ig3-1009@yopmail.com,plageCT,1014
etud-ig3-1010@yopmail.com,plageCT,1015
etud-ig3-1011@yopmail.com,plageCT,1016
etud-ig3-1012@yopmail.com,plageCT,1017
etud-ig3-1013@yopmail.com,plageCT,1018
etud-ig3-1014@yopmail.com,plageCT,1019
etud-ig3-1015@yopmail.com,plageCT,1020
etud-ig3-1016@yopmail.com,plageCT,1021
etud-ig3-1017@yopmail.com,plageCT,1022
etud-ig3-1018@yopmail.com,plageCT,1023
etud-ig3-1019@yopmail.com,plageCT,1024
etud-ig3-1020@yopmail.com,plageCT,1025
etud-ig3-1021@yopmail.com,plageCT,1026
etud-ig3-1022@yopmail.com,plageCT,1027
etud-ig3-1023@yopmail.com,plageCT,1028
etud-ig3-1024@yopmail.com,plageCT,1029
etud-ig3-1025@yopmail.com,plageCT,1030
etud-ig3-1026@yopmail.com,plageCT,1031
etud-ig3-1027@yopmail.com,plageCT,1032
etud-ig3-1028@yopmail.com,plageCT,1033
etud-ig3-1029@yopmail.com,plageCT,1034
etud-ig3-1030@yopmail.com,plageCT,1035
etud-ig3-1031@yopmail.com,plageCT,1036
etud-ig3-1032@yopmail.com,plageCT,1037
etud-ig3-1033@yopmail.com,plageCT,1038
etud-ig3-1034@yopmail.com,plageCT,1039
etud-ig3-1035@yopmail.com,plageCT,1040
etud-ig3-1036@yopmail.com,plageCT,1041
etud-ig3-1037@yopmail.com,plageCT,1042
etud-ig3-1038@yopmail.com,plageCT,1043
etud-ig3-1039@yopmail.com,plageCT,1044
etud-ig3-1040@yopmail.com,plageCT,1045
etud-ig3-1041@yopmail.com,plageCT,1046
etud-ig3-1042@yopmail.com,plageCT,1047
etud-ig3-1043@yopmail.com,plageCT,1048
etud-ig3-1044@yopmail.com,plageCT,1049
etud-ig3-1045@yopmail.com,plageCT,1050
etud-ig3-1046@yopmail.com,plageCT,1051
etud-ig3-1047@yopmail.com,plageCT,1052
etud-ig3-1048@yopmail.com,plageCT,1053
etud-ig3-1049@yopmail.com,plageCT,1054
etud-ig3-1050@yopmail.com,plageCT,1055
etud-ig3-1051@yopmail.com,plageCT,1056
etud-ig3-1052@yopmail.com,plageCT,1057
etud-ig3-1053@yopmail.com,plageCT,1058
etud-ig3-1054@yopmail.com,plageCT,1059
etud-ig3-1055@yopmail.com,plageCT,1060
etud-ig3-1056@yopmail.com,plageCT,1061
etud-ig3-1057@yopmail.com,plageCT,1062
etud-ig3-1058@yopmail.com,plageCT,1063
etud-ig3-1059@yopmail.com,plageCT,1064
etud-ig3-1060@yopmail.com,plageCT,1065
etud-ig3-1061@yopmail.com,plageCT,1066
etud-ig3-1062@yopmail.com,plageCT,1067
etud-ig3-1063@yopmail.com,plageCT,1068
etud-ig3-1064@yopmail.com,plageCT,1069
etud-ig3-1065@yopmail.com,plageCT,1070
etud-ig3-1066@yopmail.com,plageCT,1071
etud-ig3-1067@yopmail.com,plageCT,1072
etud-ig3-1068@yopmail.com,plageCT,1073
etud-ig3-1069@yopmail.com,plageCT,1074
etud-ig3-1070@yopmail.com,plageCT,1075
etud-ig3-1071@yopmail.com,plageCT,1076
etud-ig3-1072@yopmail.com,plageCT,1077
etud-ig3-1073@yopmail.com,plageCT,1078
etud-ig3-1074@yopmail.com,plageCT,1079
etud-ig3-1075@yopmail.com,plageCT,1080
etud-ig3-1076@yopmail.com,plageCT,1081
etud-ig3-1077@yopmail.com,plageCT,1082
etud-ig3-1078@yopmail.com,plageCT,1083
etud-ig3-1079@yopmail.com,plageCT,1084
etud-ig3-1080@yopmail.com,plageCT,1085
etud-ig3-1081@yopmail.com,plageCT,1086
etud-ig3-1082@yopmail.com,plageCT,1087
etud-ig3-1083@yopmail.com,plageCT,1088
etud-ig3-1084@yopmail.com,plageCT,1089
etud-ig3-1085@yopmail.com,plageCT,1090
etud-ig3-1086@yopmail.com,plageCT,1091
etud-ig3-1087@yopmail.com,plageCT,1092
etud-ig3-1088@yopmail.com,plageCT,1093
etud-ig3-1089@yopmail.com,plageCT,1094
etud-ig3-1090@yopmail.com,plageCT,1095
etud-ig3-1091@yopmail.com,plageCT,1096
etud-ig3-1092@yopmail.com,plageCT,1097
etud-ig3-1093@yopmail.com,plageCT,1098
etud-ig3-1094@yopmail.com,plageCT,1099
etud-ig3-1095@yopmail.com,plageCT,1100
etud-ig3-1096@yopmail.com,plageCT,1101
etud-ig3-1097@yopmail.com,plageCT,1102
etud-ig3-1098@yopmail.com,plageCT,1103
etud-ig3-1099@yopmail.com,plageCT,1104
etud-ig3-1100@yopmail.com,plageCT,1105
etud-ig3-1101@yopmail.com,plageCT,1106
etud-ig3-1102@yopmail.com,plageCT,1107
etud-ig3-1103@yopmail.com,plageCT,1108
etud-ig3-1104@yopmail.com,plageCT,1109
etud-ig3-1105@yopmail.com,plageCT,1110
etud-ig3-1106@yopmail.com,plageCT,1111
etud-ig3-1107@yopmail.com,plageCT,1112
etud-ig3-1108@yopmail.com,plageCT,1113
etud-ig3-1109@yopmail.com,plageCT,1114
etud-ig3-1110@yopmail.com,plageCT,1115
etud-ig3-1111@yopmail.com,plageCT,1116
etud-ig3-1112@yopmail.com,plageCT,1117
etud-ig3-1113@yopmail.com,plageCT,1118
etud-ig3-1114@yopmail.com,plageCT,1119
etud-ig3-1115@yopmail.com,plageCT,1120
etud-ig3-1116@yopmail.com,plageCT,1121
etud-ig3-1117@yopmail.com,plageCT,1122
etud-ig3-1118@yopmail.com,plageCT,1123
etud-ig3-1119@yopmail.com,plageCT,1124
etud-ig3-1120@yopmail.com,plageCT,1125
etud-ig3-1121@yopmail.com,plageCT,1126
etud-ig3-1122@yopmail.com,plageCT,1127
etud-ig3-1123@yopmail.com,plageCT,1128
etud-ig3-1124@yopmail.com,plageCT,1129
etud-ig3-1125@yopmail.com,plageCT,1130
etud-ig3-1126@yopmail.com,plageCT,1131
etud-ig3-1127@yopmail.com,plageCT,1132
etud-ig3-1128@yopmail.com,plageCT,1133
etud-ig3-1129@yopmail.com,plageCT,1134
etud-ig3-1130@yopmail.com,plageCT,1135
etud-ig3-1131@yopmail.com,plageCT,1136
etud-ig3-1132@yopmail.com,plageCT,1137
etud-ig3-1133@yopmail.com,plageCT,1138
etud-ig3-1134@yopmail.com,plageCT,1139
etud-ig3-1135@yopmail.com,plageCT,1140
etud-ig3-1136@yopmail.com,plageCT,1141
etud-ig3-1137@yopmail.com,plageCT,1142
etud-ig3-1138@yopmail.com,plageCT,1143
etud-ig3-1139@yopmail.com,plageCT,1144
etud-ig3-1140@yopmail.com,plageCT,1145
etud-ig3-1141@yopmail.com,plageCT,1146
etud-ig3-1142@yopmail.com,plageCT,1147
etud-ig3-1143@yopmail.com,plageCT,1148
etud-ig3-1144@yopmail.com,plageCT,1149
etud-ig3-1145@yopmail.com,plageCT,1150
etud-ig3-1146@yopmail.com,plageCT,1151
etud-ig3-1147@yopmail.com,plageCT,1152
etud-ig3-1148@yopmail.com,plageCT,1153
etud-ig3-1149@yopmail.com,plageCT,1154
etud-ig3-1150@yopmail.com,plageCT,1155
etud-ig3-1151@yopmail.com,plageCT,1156
etud-ig3-1152@yopmail.com,plageCT,1157
etud-ig3-1153@yopmail.com,plageCT,1158
etud-ig3-1154@yopmail.com,plageCT,1159
etud-ig3-1155@yopmail.com,plageCT,1160
etud-ig3-1156@yopmail.com,plageCT,1161
etud-ig3-1157@yopmail.com,plageCT,1162
etud-ig3-1158@yopmail.com,plageCT,1163
etud-ig3-1159@yopmail.com,plageCT,1164
etud-ig3-1160@yopmail.com,plageCT,1165
etud-ig3-1161@yopmail.com,plageCT,1166
etud-ig3-1162@yopmail.com,plageCT,1167
etud-ig3-1163@yopmail.com,plageCT,1168
etud-ig3-1164@yopmail.com,plageCT,1169
etud-ig3-1165@yopmail.com,plageCT,1170
etud-ig3-1166@yopmail.com,plageCT,1171
etud-ig3-1167@yopmail.com,plageCT,1172
etud-ig3-1168@yopmail.com,plageCT,1173
etud-ig3-1169@yopmail.com,plageCT,1174
etud-ig3-1170@yopmail.com,plageCT,1175
etud-ig3-1171@yopmail.com,plageCT,1176
etud-ig3-1172@yopmail.com,plageCT,1177
etud-ig3-1173@yopmail.com,plageCT,1178
etud-ig3-1174@yopmail.com,plageCT,1179
etud-ig3-1175@yopmail.com,plageCT,1180
etud-ig3-1176@yopmail.com,plageCT,1181
etud-ig3-1177@yopmail.com,plageCT,1182
etud-ig3-1178@yopmail.com,plageCT,1183
etud-ig3-1179@yopmail.com,plageCT,1184
etud-ig3-1180@yopmail.com,plageCT,1185
etud-ig3-1181@yopmail.com,plageCT,1186
etud-ig3-1182@yopmail.com,plageCT,1187
etud-ig3-1183@yopmail.com,plageCT,1188
etud-ig3-1184@yopmail.com,plageCT,1189
etud-ig3-1185@yopmail.com,plageCT,1190
etud-ig3-1186@yopmail.com,plageCT,1191
etud-ig3-1187@yopmail.com,plageCT,1192
etud-ig3-1188@yopmail.com,plageCT,1193
etud-ig3-1189@yopmail.com,plageCT,1194
etud-ig3-1190@yopmail.com,plageCT,1195
etud-ig3-1191@yopmail.com,plageCT,1196
etud-ig3-1192@yopmail.com,plageCT,1197
etud-ig3-1193@yopmail.com,plageCT,1198
etud-ig3-1194@yopmail.com,plageCT,1199
etud-ig3-1195@yopmail.com,plageCT,1200
etud-ig3-1196@yopmail.com,plageCT,1201
etud-ig3-1197@yopmail.com,plageCT,1202
etud-ig3-1198@yopmail.com,plageCT,1203
etud-ig3-1199@yopmail.com,plageCT,1204
etud-ig3-1200@yopmail.com,plageCT,1205
etud-ig3-1201@yopmail.com,plageCT,1206
etud-ig3-1202@yopmail.com,plageCT,1207
etud-ig3-1203@yopmail.com,plageCT,1208
etud-ig3-1204@yopmail.com,plageCT,1209
etud-ig3-1205@yopmail.com,plageCT,1210
etud-ig3-1206@yopmail.com,plageCT,1211
etud-ig3-1207@yopmail.com,plageCT,1212
etud-ig3-1208@yopmail.com,plageCT,1213
etud-ig3-1209@yopmail.com,plageCT,1214
etud-ig3-1210@yopmail.com,plageCT,1215
etud-ig3-1211@yopmail.com,plageCT,1216
etud-ig3-1212@yopmail.com,plageCT,1217
etud-ig3-1213@yopmail.com,plageCT,1218
etud-ig3-1214@yopmail.com,plageCT,1219
etud-ig3-1215@yopmail.com,plageCT,1220
etud-ig3-1216@yopmail.com,plageCT,1221
etud-ig3-1217@yopmail.com,plageCT,1222
etud-ig3-1218@yopmail.com,plageCT,1223
etud-ig3-1219@yopmail.com,plageCT,1224
etud-ig3-1220@yopmail.com,plageCT,1225
etud-ig3-1221@yopmail.com,plageCT,1226
etud-ig3-1222@yopmail.com,plageCT,1227
etud-ig3-1223@yopmail.com,plageCT,1228
etud-ig3-1224@yopmail.com,plageCT,1229
etud-ig3-1225@yopmail.com,plageCT,1230
etud-ig3-1226@yopmail.com,plageCT,1231
etud-ig3-1227@yopmail.com,plageCT,1232
etud-ig3-1228@yopmail.com,plageCT,1233
etud-ig3-1229@yopmail.com,plageCT,1234
etud-ig3-1230@yopmail.com,plageCT,1235
etud-ig3-1231@yopmail.com,plageCT,1236
etud-ig3-1232@yopmail.com,plageCT,1237
etud-ig3-1233@yopmail.com,plageCT,1238
etud-ig3-1234@yopmail.com,plageCT,1239
etud-ig3-1235@yopmail.com,plageCT,1240
etud-ig3-1236@yopmail.com,plageCT,1241
etud-ig3-1237@yopmail.com,plageCT,1242
etud-ig3-1238@yopmail.com,plageCT,1243
etud-ig3-1239@yopmail.com,plageCT,1244
etud-ig3-1240@yopmail.com,plageCT,1245
etud-ig3-1241@yopmail.com,plageCT,1246
etud-ig3-1242@yopmail.com,plageCT,1247
etud-ig3-1243@yopmail.com,plageCT,1248
etud-ig3-1244@yopmail.com,plageCT,1249
etud-ig3-1245@yopmail.com,plageCT,1250
etud-ig3-1246@yopmail.com,plageCT,1251
etud-ig3-1247@yopmail.com,plageCT,1252
etud-ig3-1248@yopmail.com,plageCT,1253
etud-ig3-1249@yopmail.com,plageCT,1254
etud-ig3-1250@yopmail.com,plageCT,1255
etud-ig3-1251@yopmail.com,plageCT,1256
etud-ig3-1252@yopmail.com,plageCT,1257
etud-ig3-1253@yopmail.com,plageCT,1258
etud-ig3-1254@yopmail.com,plageCT,1259
etud-ig3-1255@yopmail.com,plageCT,1260
etud-ig3-1256@yopmail.com,plageCT,1261
etud-ig3-1257@yopmail.com,plageCT,1262
etud-ig3-1258@yopmail.com,plageCT,1263
etud-ig3-1259@yopmail.com,plageCT,1264
etud-ig3-1260@yopmail.com,plageCT,1265
etud-ig3-1261@yopmail.com,plageCT,1266
etud-ig3-1262@yopmail.com,plageCT,1267
etud-ig3-1263@yopmail.com,plageCT,1268
etud-ig3-1264@yopmail.com,plageCT,1269
etud-ig3-1265@yopmail.com,plageCT,1270
etud-ig3-1266@yopmail.com,plageCT,1271
etud-ig3-1267@yopmail.com,plageCT,1272
etud-ig3-1268@yopmail.com,plageCT,1273
etud-ig3-1269@yopmail.com,plageCT,1274
etud-ig3-1270@yopmail.com,plageCT,1275
etud-ig3-1271@yopmail.com,plageCT,1276
etud-ig3-1272@yopmail.com,plageCT,1277
etud-ig3-1273@yopmail.com,plageCT,1278
etud-ig3-1274@yopmail.com,plageCT,1279
etud-ig3-1275@yopmail.com,plageCT,1280
etud-ig3-1276@yopmail.com,plageCT,1281
etud-ig3-1277@yopmail.com,plageCT,1282
etud-ig3-1278@yopmail.com,plageCT,1283
etud-ig3-1279@yopmail.com,plageCT,1284
etud-ig3-1280@yopmail.com,plageCT,1285
etud-ig3-1281@yopmail.com,plageCT,1286
etud-ig3-1282@yopmail.com,plageCT,1287
etud-ig3-1283@yopmail.com,plageCT,1288
etud-ig3-1284@yopmail.com,plageCT,1289
etud-ig3-1285@yopmail.com,plageCT,1290
etud-ig3-1286@yopmail.com,plageCT,1291
etud-ig3-1287@yopmail.com,plageCT,1292
etud-ig3-1288@yopmail.com,plageCT,1293
etud-ig3-1289@yopmail.com,plageCT,1294
etud-ig3-1290@yopmail.com,plageCT,1295
etud-ig3-1291@yopmail.com,plageCT,1296
etud-ig3-1292@yopmail.com,plageCT,1297
etud-ig3-1293@yopmail.com,plageCT,1298
etud-ig3-1294@yopmail.com,plageCT,1299
etud-ig3-1295@yopmail.com,plageCT,1300
etud-ig3-1296@yopmail.com,plageCT,1301
etud-ig3-1297@yopmail.com,plageCT,1302
etud-ig3-1298@yopmail.com,plageCT,1303
etud-ig3-1299@yopmail.com,plageCT,1304
etud-ig3-1300@yopmail.com,plageCT,1305
etud-ig3-1301@yopmail.com,plageCT,1306
etud-ig3-1302@yopmail.com,plageCT,1307
etud-ig3-1303@yopmail.com,plageCT,1308
etud-ig3-1304@yopmail.com,plageCT,1309
etud-ig3-1305@yopmail.com,plageCT,1310
etud-ig3-1306@yopmail.com,plageCT,1311
etud-ig3-1307@yopmail.com,plageCT,1312
etud-ig3-1308@yopmail.com,plageCT,1313
etud-ig3-1309@yopmail.com,plageCT,1314
etud-ig3-1310@yopmail.com,plageCT,1315
etud-ig3-1311@yopmail.com,plageCT,1316
etud-ig3-1312@yopmail.com,plageCT,1317
etud-ig3-1313@yopmail.com,plageCT,1318
etud-ig3-1314@yopmail.com,plageCT,1319
etud-ig3-1315@yopmail.com,plageCT,1320
etud-ig3-1316@yopmail.com,plageCT,1321
etud-ig3-1317@yopmail.com,plageCT,1322
etud-ig3-1318@yopmail.com,plageCT,1323
etud-ig3-1319@yopmail.com,plageCT,1324
etud-ig3-1320@yopmail.com,plageCT,1325
etud-ig3-1321@yopmail.com,plageCT,1326
etud-ig3-1322@yopmail.com,plageCT,1327
etud-ig3-1323@yopmail.com,plageCT,1328
etud-ig3-1324@yopmail.com,plageCT,1329
etud-ig3-1325@yopmail.com,plageCT,1330
etud-ig3-1326@yopmail.com,plageCT,1331
etud-ig3-1327@yopmail.com,plageCT,1332
etud-ig3-1328@yopmail.com,plageCT,1333
etud-ig3-1329@yopmail.com,plageCT,1334
etud-ig3-1330@yopmail.com,plageCT,1335
etud-ig3-1331@yopmail.com,plageCT,1336
etud-ig3-1332@yopmail.com,plageCT,1337
etud-ig3-1333@yopmail.com,plageCT,1338
etud-ig3-1334@yopmail.com,plageCT,1339
etud-ig3-1335@yopmail.com,plageCT,1340
etud-ig3-1336@yopmail.com,plageCT,1341
etud-ig3-1337@yopmail.com,plageCT,1342
etud-ig3-1338@yopmail.com,plageCT,1343
etud-ig3-1339@yopmail.com,plageCT,1344
etud-ig3-1340@yopmail.com,plageCT,1345
etud-ig3-1341@yopmail.com,plageCT,1346
etud-ig3-1342@yopmail.com,plageCT,1347
etud-ig3-1343@yopmail.com,plageCT,1348
etud-ig3-1344@yopmail.com,plageCT,1349
etud-ig3-1345@yopmail.com,plageCT,1350
etud-ig3-1346@yopmail.com,plageCT,1351
etud-ig3-1347@yopmail.com,plageCT,1352
etud-ig3-1348@yopmail.com,plageCT,1353
etud-ig3-1349@yopmail.com,plageCT,1354
etud-ig3-1350@yopmail.com,plageCT,1355
etud-ig3-1351@yopmail.com,plageCT,1356
etud-ig3-1352@yopmail.com,plageCT,1357
etud-ig3-1353@yopmail.com,plageCT,1358
etud-ig3-1354@yopmail.com,plageCT,1359
etud-ig3-1355@yopmail.com,plageCT,1360
etud-ig3-1356@yopmail.com,plageCT,1361
etud-ig3-1357@yopmail.com,plageCT,1362
etud-ig3-1358@yopmail.com,plageCT,1363
etud-ig3-1359@yopmail.com,plageCT,1364
etud-ig3-1360@yopmail.com,plageCT,1365
etud-ig3-1361@yopmail.com,plageCT,1366
etud-ig3-1362@yopmail.com,plageCT,1367
etud-ig3-1363@yopmail.com,plageCT,1368
etud-ig3-1364@yopmail.com,plageCT,1369
etud-ig3-1365@yopmail.com,plageCT,1370
etud-ig3-1366@yopmail.com,plageCT,1371
etud-ig3-1367@yopmail.com,plageCT,1372
etud-ig3-1368@yopmail.com,plageCT,1373
etud-ig3-1369@yopmail.com,plageCT,1374
etud-ig3-1370@yopmail.com,plageCT,1375
etud-ig3-1371@yopmail.com,plageCT,1376
etud-ig3-1372@yopmail.com,plageCT,1377
etud-ig3-1373@yopmail.com,plageCT,1378
etud-ig3-1374@yopmail.com,plageCT,1379
etud-ig3-1375@yopmail.com,plageCT,1380
etud-ig3-1376@yopmail.com,plageCT,1381
etud-ig3-1377@yopmail.com,plageCT,1382
etud-ig3-1378@yopmail.com,plageCT,1383
etud-ig3-1379@yopmail.com,plageCT,1384
etud-ig3-1380@yopmail.com,plageCT,1385
etud-ig3-1381@yopmail.com,plageCT,1386
etud-ig3-1382@yopmail.com,plageCT,1387
etud-ig3-1383@yopmail.com,plageCT,1388
etud-ig3-1384@yopmail.com,plageCT,1389
etud-ig3-1385@yopmail.com,plageCT,1390
etud-ig3-1386@yopmail.com,plageCT,1391
etud-ig3-1387@yopmail.com,plageCT,1392
etud-ig3-1388@yopmail.com,plageCT,1393
etud-ig3-1389@yopmail.com,plageCT,1394
etud-ig3-1390@yopmail.com,plageCT,1395
etud-ig3-1391@yopmail.com,plageCT,1396
etud-ig3-1392@yopmail.com,plageCT,1397
etud-ig3-1393@yopmail.com,plageCT,1398
etud-ig3-1394@yopmail.com,plageCT,1399
etud-ig3-1395@yopmail.com,plageCT,1400
etud-ig3-1396@yopmail.com,plageCT,1401
etud-ig3-1397@yopmail.com,plageCT,1402
etud-ig3-1398@yopmail.com,plageCT,1403
etud-ig3-1399@yopmail.com,plageCT,1404
etud-ig3-1400@yopmail.com,plageCT,1405
etud-ig3-1401@yopmail.com,plageCT,1406
etud-ig3-1402@yopmail.com,plageCT,1407
etud-ig3-1403@yopmail.com,plageCT,1408
etud-ig3-1404@yopmail.com,plageCT,1409
etud-ig3-1405@yopmail.com,plageCT,1410
etud-ig3-1406@yopmail.com,plageCT,1411
etud-ig3-1407@yopmail.com,plageCT,1412
etud-ig3-1408@yopmail.com,plageCT,1413
etud-ig3-1409@yopmail.com,plageCT,1414
etud-ig3-1410@yopmail.com,plageCT,1415
etud-ig3-1411@yopmail.com,plageCT,1416
etud-ig3-1412@yopmail.com,plageCT,1417
etud-ig3-1413@yopmail.com,plageCT,1418
etud-ig3-1414@yopmail.com,plageCT,1419
etud-ig3-1415@yopmail.com,plageCT,1420
etud-ig3-1416@yopmail.com,plageCT,1421
etud-ig3-1417@yopmail.com,plageCT,1422
etud-ig3-1418@yopmail.com,plageCT,1423
etud-ig3-1419@yopmail.com,plageCT,1424
etud-ig3-1420@yopmail.com,plageCT,1425
etud-ig3-1421@yopmail.com,plageCT,1426
etud-ig3-1422@yopmail.com,plageCT,1427
etud-ig3-1423@yopmail.com,plageCT,1428
etud-ig3-1424@yopmail.com,plageCT,1429
etud-ig3-1425@yopmail.com,plageCT,1430
etud-ig3-1426@yopmail.com,plageCT,1431
etud-ig3-1427@yopmail.com,plageCT,1432
etud-ig3-1428@yopmail.com,plageCT,1433
etud-ig3-1429@yopmail.com,plageCT,1434
etud-ig3-1430@yopmail.com,plageCT,1435
etud-ig3-1431@yopmail.com,plageCT,1436
etud-ig3-1432@yopmail.com,plageCT,1437
etud-ig3-1433@yopmail.com,plageCT,1438
etud-ig3-1434@yopmail.com,plageCT,1439
etud-ig3-1435@yopmail.com,plageCT,1440
etud-ig3-1436@yopmail.com,plageCT,1441
etud-ig3-1437@yopmail.com,plageCT,1442
etud-ig3-1438@yopmail.com,plageCT,1443
etud-ig3-1439@yopmail.com,plageCT,1444
etud-ig3-1440@yopmail.com,plageCT,1445
etud-ig3-1441@yopmail.com,plageCT,1446
etud-ig3-1442@yopmail.com,plageCT,1447
etud-ig3-1443@yopmail.com,plageCT,1448
etud-ig3-1444@yopmail.com,plageCT,1449
etud-ig3-1445@yopmail.com,plageCT,1450
etud-ig3-1446@yopmail.com,plageCT,1451
etud-ig3-1447@yopmail.com,plageCT,1452
etud-ig3-1448@yopmail.com,plageCT,1453
etud-ig3-1449@yopmail.com,plageCT,1454
etud-ig3-1450@yopmail.com,plageCT,1455
etud-ig3-1451@yopmail.com,plageCT,1456
etud-ig3-1452@yopmail.com,plageCT,1457
etud-ig3-1453@yopmail.com,plageCT,1458
etud-ig3-1454@yopmail.com,plageCT,1459
etud-ig3-1455@yopmail.com,plageCT,1460
etud-ig3-1456@yopmail.com,plageCT,1461
etud-ig3-1457@yopmail.com,plageCT,1462
etud-ig3-1458@yopmail.com,plageCT,1463
etud-ig3-1459@yopmail.com,plageCT,1464
etud-ig3-1460@yopmail.com,plageCT,1465
etud-ig3-1461@yopmail.com,plageCT,1466
etud-ig3-1462@yopmail.com,plageCT,1467
etud-ig3-1463@yopmail.com,plageCT,1468
etud-ig3-1464@yopmail.com,plageCT,1469
etud-ig3-1465@yopmail.com,plageCT,1470
etud-ig3-1466@yopmail.com,plageCT,1471
etud-ig3-1467@yopmail.com,plageCT,1472
etud-ig3-1468@yopmail.com,plageCT,1473
etud-ig3-1469@yopmail.com,plageCT,1474
etud-ig3-1470@yopmail.com,plageCT,1475
etud-ig3-1471@yopmail.com,plageCT,1476
etud-ig3-1472@yopmail.com,plageCT,1477
etud-ig3-1473@yopmail.com,plageCT,1478
etud-ig3-1474@yopmail.com,plageCT,1479
etud-ig3-1475@yopmail.com,plageCT,1480
etud-ig3-1476@yopmail.com,plageCT,1481
etud-ig3-1477@yopmail.com,plageCT,1482
etud-ig3-1478@yopmail.com,plageCT,1483
etud-ig3-1479@yopmail.com,plageCT,1484
etud-ig3-1480@yopmail.com,plageCT,1485
etud-ig3-1481@yopmail.com,plageCT,1486
etud-ig3-1482@yopmail.com,plageCT,1487
etud-ig3-1483@yopmail.com,plageCT,1488
etud-ig3-1484@yopmail.com,plageCT,1489
etud-ig3-1485@yopmail.com,plageCT,1490
etud-ig3-1486@yopmail.com,plageCT,1491
etud-ig3-1487@yopmail.com,plageCT,1492
etud-ig3-1488@yopmail.com,plageCT,1493
etud-ig3-1489@yopmail.com,plageCT,1494
etud-ig3-1490@yopmail.com,plageCT,1495
etud-ig3-1491@yopmail.com,plageCT,1496
etud-ig3-1492@yopmail.com,plageCT,1497
etud-ig3-1493@yopmail.com,plageCT,1498
etud-ig3-1494@yopmail.com,plageCT,1499
etud-ig3-1495@yopmail.com,plageCT,1500
etud-ig3-1496@yopmail.com,plageCT,1501
etud-ig3-1497@yopmail.com,plageCT,1502
etud-ig3-1498@yopmail.com,plageCT,1503
etud-ig3-1499@yopmail.com,plageCT,1504
